1554371894.3910484,0.2555305063724518,0.007729687262326479,-1.7775708436965942,-0.004679630541679557,-0.0022240505154330886,0.001633486797160139
1554371894.400189,0.255620539188385,0.007667363155633211,-1.777583360671997,-0.005602936609979339,-0.0022838550717869856,-0.0012443233690728349
1554371894.4104495,0.2556151747703552,0.007767231669276953,-1.777561902999878,-0.0050344414962326806,-0.0015787052609121932,0.0010386270597346038
1554371894.4104838,0.2556573152542114,0.007697247434407473,-1.7776001691818237,-0.0054567487758665646,-0.0016780700148800757,-0.001754804219795671
1554371894.4207482,0.25561025738716125,0.0076824091374874115,-1.7775979042053223,-0.005595600856756638,-0.00224697823952374,-0.0009280837389128684
1554371894.4311204,0.2556018829345703,0.0076929861679673195,-1.7776033878326416,-0.005463342723464081,-0.001961318347803974,-0.001285261180448903
1554371894.4404821,0.255605012178421,0.007678202819079161,-1.7775789499282837,-0.005723286005068067,-0.002073722991666854,-0.0011451940563942994
1554371894.4508028,0.2554932236671448,0.007810434326529503,-1.7775993347167969,-0.00471138226245983,-0.0018656880766461915,0.004265824105625201
1554371894.450838,0.2555070221424103,0.007928156293928623,-1.7776318788528442,-0.0013320476573566418,-0.0006162066428871317,0.0007211292346716643
1554371894.4704845,0.25560763478279114,0.0076890974305570126,-1.7775883674621582,-0.00546807728328969,-0.002121931916886883,-0.0013736229069626373
1554371894.47052,0.2555526793003082,0.007815329357981682,-1.7775994539260864,-0.0046676519058421635,-0.0015678635456906548,0.0037384044094679702
1554371894.4808288,0.25565677881240845,0.007714699953794479,-1.7775787115097046,-0.005412129365376296,-0.0014385632408540861,-0.0018398257731040732
1554371894.4911933,0.2554920017719269,0.007816391065716743,-1.7776179313659668,-0.0017501116787930098,-0.001782865536750211,-0.004328511648922952
1554371894.5005295,0.25559723377227783,0.0078072198666632175,-1.7775611877441406,-0.005065016583364468,-0.0008339140268297095,0.0034334248564203045
1554371894.5108685,0.2556013762950897,0.007686269469559193,-1.7775888442993164,-0.005517490329797498,-0.002027940415320346,-0.0013186518022558578
1554371894.510903,0.25561630725860596,0.007680885028094053,-1.777590036392212,-0.005514622818240074,-0.002113612340065212,-0.0013179276383042365
1554371894.5212517,0.2556098997592926,0.0076826512813568115,-1.777590274810791,-0.005660987707546571,-0.0021782906401194057,-0.0010075202613504255
1554371894.530626,0.2555982172489166,0.0078116473741829395,-1.7775909900665283,-0.004804865443543081,-0.0009168282499033988,0.00253717056396544
1554371894.5409594,0.2555657625198364,0.007679177913814783,-1.7775790691375732,-0.005409858125262627,-0.002503425557840006,-0.0008187144553588508
1554371894.550203,0.2556472718715668,0.007716693915426731,-1.7775789499282837,-0.0054488582830885994,-0.0014027301766764745,-0.0020041473404508086
1554371894.5604553,0.25564882159233093,0.0076970565132796764,-1.7775850296020508,-0.005782576491232269,-0.001628789399009123,-0.0017460243501725744
1554371894.5604858,0.2556588649749756,0.007697783410549164,-1.7775709629058838,-0.005480424747283846,-0.0013940559697226994,-0.001339349007909016
1554371894.5708401,0.25558537244796753,0.007809899747371674,-1.777607798576355,-0.0021815365373627758,-0.0008429220943530273,-0.0043353509382503715
1554371894.5812316,0.25563719868659973,0.007708205375820398,-1.777591586112976,-0.005750451564024351,-0.0016882103442670744,-0.0015800399148425384
1554371894.5905557,0.2555566728115082,0.007688893936574459,-1.7775979042053223,-0.005420108431241989,-0.0024891150227534867,-0.0006149707052505629
1554371894.6009061,0.255604088306427,0.007772401906549931,-1.7775869369506836,-0.005131324758510899,-0.0014048314085540817,0.0013891706536493852
1554371894.6009383,0.2556456923484802,0.007697416935116053,-1.7775956392288208,-0.0054861446194948375,-0.0014468258347482702,-0.0016846546701281284
1554371894.6112509,0.2556621730327606,0.007702817674726248,-1.7775825262069702,-0.0054907709256599435,-0.0016340324011333222,-0.001806753367931898
1554371894.6206193,0.2555217444896698,0.007809656206518412,-1.7776410579681396,-0.004114250401812362,-0.0014432123311124878,0.004985678245721099
1554371894.6309936,0.2556174695491791,0.007695213425904512,-1.7775946855545044,-0.005608664634043092,-0.001999438769573199,-0.0010373692052667283
1554371894.641242,0.2555502951145172,0.007626932580024004,-1.7776111364364624,-0.0038326983460201104,-0.002820871461481659,-0.0019034651875101485
1554371894.6506076,0.25565338134765625,0.007703891023993492,-1.7775851488113403,-0.0055664740245855715,-0.0014695587117987486,-0.001482898827820468
1554371894.6609383,0.25565069913864136,0.007712675258517265,-1.7775846719741821,-0.005536803385489071,-0.001458095146085225,-0.0015920990357599404
1554371894.6609735,0.25561612844467163,0.0076776486821472645,-1.7776015996932983,-0.005666423126049277,-0.0021621515506236653,-0.0011693366941010054
1554371894.670194,0.2556048333644867,0.007687656208872795,-1.7776029109954834,-0.005365092180926163,-0.0016509146921066913,-0.001209491357477862
1554371894.6805313,0.2555926442146301,0.007822374813258648,-1.7776175737380981,-0.0025078000875688403,-0.000690268390233763,-0.0041333926405158
1554371894.690885,0.25560462474823,0.0076742591336369514,-1.7775856256484985,-0.005256024589578021,-0.0019279679179281931,-0.0015637779756362761
1554371894.7012053,0.25553956627845764,0.007797861471772194,-1.7776226997375488,-0.0021139782610801535,-0.0011507456531538113,-0.004198612665617259
1554371894.701238,0.255548894405365,0.0076811364851891994,-1.7775830030441284,-0.005468676654734113,-0.0024052035159518826,-0.0005546936706392483
1554371894.7104785,0.255607008934021,0.007684136275202036,-1.7775722742080688,-0.005661714161924894,-0.0018288951073693641,-0.0009624435746435395
1554371894.7207654,0.2556118071079254,0.007690031081438065,-1.7775907516479492,-0.005775831454368582,-0.0020107496589049085,-0.0011468369373279536
1554371894.7310987,0.2556447982788086,0.0076927500776946545,-1.7775765657424927,-0.005714261269530807,-0.0014677248671020819,-0.0012657836153030296
1554371894.7404294,0.255546897649765,0.007797184865921736,-1.7775932550430298,-0.0042213682948329745,-0.001370859392755892,0.003563734752685809
1554371894.7507606,0.25564298033714294,0.0077068922109901905,-1.7775778770446777,-0.005641435993352793,-0.0015752308008510642,-0.0013707481948617792
1554371894.7507994,0.25559037923812866,0.0077875591814517975,-1.7775826454162598,-0.005074227146953994,-0.0010040455182577014,0.0010226743049885282
1554371894.7611308,0.25561055541038513,0.007701611611992121,-1.777597188949585,-0.0054831709385466144,-0.002069640149565161,-0.001124438824877126
1554371894.7705014,0.2555631697177887,0.007691215258091688,-1.7775936126708984,-0.005254736453486008,-0.0026148973664808384,-0.0009180094837105063
1554371894.7808983,0.255643367767334,0.007694037165492773,-1.7775802612304688,-0.005485179514012781,-0.0016341071442622943,-0.0015071147976586476
1554371894.791239,0.25558406114578247,0.007681323681026697,-1.7775894403457642,-0.005328904184805981,-0.002034800929141378,-0.0013510028310603545
1554371894.8006506,0.2555997669696808,0.00769298430532217,-1.7775908708572388,-0.00552475016225664,-0.0017460148146000516,-0.0016520518958449818
1554371894.8006897,0.25560981035232544,0.00767742283642292,-1.7775827646255493,-0.0054353800811772655,-0.0020133299014924097,-0.0015027254801770321
1554371894.811051,0.2556007206439972,0.007675949018448591,-1.7775732278823853,-0.005302780814449423,-0.0018357216383057128,-0.0014515067536383852
1554371894.820318,0.2556447386741638,0.007696667220443487,-1.7775723934173584,-0.005418880540740789,-0.0015449323118435496,-0.0019413886736432265
1554371894.8307178,0.2556530833244324,0.007697081193327904,-1.7775851488113403,-0.00579311509583472,-0.0015573089670446463,-0.0015993327446319427
1554371894.8410673,0.2556546926498413,0.007689581252634525,-1.777567982673645,-0.005548111843849752,-0.0016953177993095652,-0.001285922938030825
1554371894.8504646,0.2556594908237457,0.007706767413765192,-1.7775661945343018,-0.005303055688555534,-0.0015421519480239277,-0.0020157328949987124
1554371894.8608286,0.25567424297332764,0.007696010172367096,-1.7775870561599731,-0.005383330767332289,-0.001689769387283273,-0.0018928080503891123
1554371894.8608637,0.25559285283088684,0.007818210870027542,-1.7775866985321045,-0.004614334227475661,-0.0008520578996811711,0.0031646455539431416
1554371894.8712156,0.25556203722953796,0.00767641281709075,-1.777584433555603,-0.005344555315583385,-0.00243879026343334,-0.0011253329679501984
1554371894.8805673,0.25557756423950195,0.007685666438192129,-1.7775949239730835,-0.005167449127168303,-0.0025323388811063787,-0.0014754038852090585
1554371894.8908734,0.2556151747703552,0.007689033634960651,-1.7775883674621582,-0.005247493007190169,-0.001954995281107922,-0.0013188038724385109
1554371894.9012642,0.25562813878059387,0.007704576011747122,-1.7775797843933105,-0.005563056687215384,-0.002264742694834212,-0.0013218680830691264
1554371894.9013002,0.25565487146377563,0.007699611131101847,-1.7775840759277344,-0.005730198057640277,-0.0015913348614032877,-0.001547761684265775
1554371894.9106085,0.2556014955043793,0.007685615681111813,-1.7775808572769165,-0.0053933879744217875,-0.0019859044467002373,-0.001722286490783814
1554371894.9209595,0.2556425929069519,0.0077046966180205345,-1.777587890625,-0.005720114245290727,-0.0015832065896433673,-0.002209150051101957
1554371894.9301965,0.2556234300136566,0.007689757738262415,-1.7775864601135254,-0.005455596916697866,-0.001958516289865941,-0.0010913494235393563
1554371894.94052,0.25556766986846924,0.007812743075191975,-1.7776292562484741,-0.0022432303611868666,-0.0013283832232358899,-0.003998514502472079
1554371894.9508336,0.25563037395477295,0.007696416229009628,-1.7775864601135254,-0.00565322740615438,-0.001735053574924216,-0.0016126727491981255
1554371894.9508708,0.2556164860725403,0.0076914094388484955,-1.777592658996582,-0.005566172200535079,-0.002132597460894864,-0.0012633607345423068
1554371894.9612312,0.25563719868659973,0.007698734290897846,-1.777590036392212,-0.005601180215418629,-0.0017138879025782384,-0.001822695325371242
1554371894.9706104,0.2556116282939911,0.007698180619627237,-1.7776026725769043,-0.005257396672033831,-0.002098518546955999,-0.0013355629776345154
1554371894.9809873,0.25565168261528015,0.007711292244493961,-1.777582049369812,-0.005390680576411888,-0.001791966407346827,-0.0019227727037411156
1554371894.9902234,0.25559908151626587,0.007705578580498695,-1.777574896812439,-0.005431396889202604,-0.001972415695586943,-0.0013155049789316414
1554371895.0004995,0.25550177693367004,0.0078812874853611,-1.7776089906692505,-0.0017925380771030676,-0.0011614915130552673,-0.0010901193616249304
1554371895.010864,0.25555479526519775,0.007835074327886105,-1.7776267528533936,-0.0022104678442538563,-0.0013668317122567345,-0.003913296700485172
1554371895.0108984,0.25563904643058777,0.0077225868590176105,-1.7775888442993164,-0.0054930412773141245,-0.0016520229986318094,-0.0013854826068267364
1554371895.021248,0.25564059615135193,0.007722265087068081,-1.777597427368164,-0.005488394991728452,-0.0017607612848454912,-0.001496976833691429
1554371895.0306234,0.2554950416088104,0.007817121222615242,-1.7776334285736084,-0.0022576112854833514,-0.0015897679390565976,-0.0037182920933321395
1554371895.0409908,0.2556183338165283,0.007667063735425472,-1.7776072025299072,-0.004504623072181899,-0.0016105494868470405,-0.0024694279668454836
1554371895.0502343,0.2555026710033417,0.007738374173641205,-1.777591586112976,-0.0048981645327666,-0.002043156694906596,0.0018829592317206683
1554371895.0606024,0.2556259036064148,0.007695173379033804,-1.7775896787643433,-0.005526279729316281,-0.0015329153744477913,-0.0013488055741964016
1554371895.0606365,0.2555901110172272,0.007686947472393513,-1.7775840759277344,-0.005503325448563371,-0.0020945567721152893,-0.001449651908681297
1554371895.0709898,0.2555081844329834,0.0077484673820436,-1.777574062347412,-0.004770910698749322,-0.002065896322625207,0.0018618602126354107
1554371895.080227,0.25560829043388367,0.00770170334726572,-1.7775890827178955,-0.005508574611095359,-0.0019358329486649183,-0.0011025045701829488
1554371895.0905623,0.25551629066467285,0.007765321061015129,-1.7775710821151733,-0.00462685942141201,-0.002428903395799234,0.0015343234379729235
1554371895.1009107,0.2555934190750122,0.007840517908334732,-1.777613639831543,-0.002300615261024002,-0.0007853003346360729,-0.004326789774895873
1554371895.1009443,0.25560224056243896,0.007710905279964209,-1.7775899171829224,-0.005281399125999356,-0.001967933175611369,-0.0011959062640983405
1554371895.111291,0.2555202841758728,0.007832460105419159,-1.7776232957839966,-0.0024223333531782753,-0.0016272350296867664,-0.003688954215846335
1554371895.1206062,0.25562411546707153,0.007701553869992495,-1.7776145935058594,-0.005308500084570587,-0.0021173834014092834,-0.0011350918443164813
1554371895.1309164,0.2555451989173889,0.00767824100330472,-1.7775853872299194,-0.005213783268476599,-0.002514679325670183,-0.0009435512452597273
1554371895.1412485,0.2555992007255554,0.00768858939409256,-1.7775896787643433,-0.005521197535501728,-0.002204270145748889,-0.001212664683864278
1554371895.1506212,0.2555519938468933,0.007673740386962891,-1.7775846719741821,-0.005603295784930991,-0.0024339087466935553,-0.0007186442390029624
1554371895.1609924,0.25555911660194397,0.00775940204039216,-1.7775745391845703,-0.004907079846812455,-0.0016882164799849751,0.0013163631313979284
1554371895.161026,0.2555423378944397,0.00789411086589098,-1.7776116132736206,-0.0017929363469492046,-0.00043731149367329036,-0.0017398966425465187
1554371895.170246,0.25556138157844543,0.007687760982662439,-1.7775949239730835,-0.005355178955833506,-0.0024327865890704657,-0.0010975454747205046
1554371895.1806188,0.25558313727378845,0.007825067266821861,-1.7776120901107788,-0.0019645760434855485,-0.0008642737872789502,-0.0046072325713324815
1554371895.1909876,0.25559842586517334,0.007691912353038788,-1.7775872945785522,-0.005679797989220335,-0.001959943910375111,-0.0011407135302149182
1554371895.2002296,0.2555583715438843,0.007808928843587637,-1.7776190042495728,-0.002323174535297692,-0.001258375720453889,-0.003988324026475537
1554371895.2105987,0.2556382417678833,0.007701266556978226,-1.7775894403457642,-0.005633799762708482,-0.0014502396817196316,-0.0013643152178150443
1554371895.210634,0.25560441613197327,0.007682948373258114,-1.777582049369812,-0.005429849208385361,-0.0021927369117885707,-0.0011676193552798025
1554371895.2209823,0.25560900568962097,0.007685831747949123,-1.7775839567184448,-0.005290066528197886,-0.0018618654626648807,-0.00103502260446764
1554371895.2302203,0.25561705231666565,0.007695643696933985,-1.777575969696045,-0.005304775549087957,-0.001759648031177854,-0.0017002237335147494
1554371895.2405896,0.2555209696292877,0.007749689742922783,-1.7775859832763672,-0.004546043082223465,-0.0023061284356062704,0.001317040510451261
1554371895.2508237,0.2556487023830414,0.007703413721174002,-1.7775791883468628,-0.005504751077046558,-0.0013937751867765776,-0.0016508932307688806
1554371895.2508523,0.25566044449806213,0.007713059429079294,-1.7775650024414062,-0.005804280807133852,-0.0014402047524817814,-0.0018519009573629548
1554371895.2611938,0.25567305088043213,0.007706067059189081,-1.7775754928588867,-0.005330294723051121,-0.001752971155235623,-0.0016662367397327197
1554371895.270564,0.2556208372116089,0.007790783420205116,-1.7775847911834717,-0.005004198900493947,-0.0012997622533449187,0.0008900928737663548
1554371895.2810442,0.2556557357311249,0.0077257221564650536,-1.7775732278823853,-0.005445074227730113,-0.0015224558328169211,-0.001759386168303604
1554371895.290282,0.25562623143196106,0.007691056467592716,-1.777584433555603,-0.005628624142133214,-0.002112968064361258,-0.0010548604564043441
1554371895.300655,0.25565212965011597,0.007720991503447294,-1.7775784730911255,-0.00562176438258418,-0.0015716910252571107,-0.0016796240726286134
1554371895.3006928,0.2556311786174774,0.007701156195253134,-1.7775686979293823,-0.005548585808668622,-0.002182074486173822,-0.0015701942146327604
1554371895.3110347,0.25560444593429565,0.00776608707383275,-1.7775697708129883,-0.005059853907348945,-0.0014114363873478472,0.000879233033196544
1554371895.3202772,0.2556573748588562,0.007698929402977228,-1.777574896812439,-0.005731432107920593,-0.0013767160281682516,-0.0020152293232848202
1554371895.3306491,0.2556518614292145,0.007700997870415449,-1.7775737047195435,-0.005679461612601813,-0.0014271931216003322,-0.0013558715179162338
1554371895.3410172,0.255667507648468,0.007707896176725626,-1.777575969696045,-0.0053780500580378025,-0.0017907572716551732,-0.0018524158309024335
1554371895.350263,0.25560262799263,0.007685266435146332,-1.7775731086730957,-0.005329749818146859,-0.0020071785703681742,-0.0011289345515154662
1554371895.3606312,0.25564688444137573,0.007686769124120474,-1.7775774002075195,-0.005819683688126946,-0.0016112273469330789,-0.001277861616973166
1554371895.3606648,0.2556391954421997,0.007679945323616266,-1.777589201927185,-0.005614875180066681,-0.0015247028628518997,-0.0010733035150329389
1554371895.3709462,0.2555614113807678,0.007658500224351883,-1.7775945663452148,-0.005520814049601072,-0.0024063024475166808,-0.0006445671598667135
1554371895.3801866,0.2555956244468689,0.00781033793464303,-1.7776172161102295,-0.002598177615144006,-0.0007108257694203786,-0.004043550921794877
1554371895.3904762,0.2556407153606415,0.00768666248768568,-1.7775911092758179,-0.005707432793458752,-0.0015346309287020778,-0.0019882873276457287
1554371895.4008367,0.2554941475391388,0.007807871326804161,-1.7776105403900146,-0.002161341335745685,-0.0016126399000032246,-0.0036446426069691533
1554371895.4008677,0.2556103765964508,0.00768098421394825,-1.7775840759277344,-0.005587380865220898,-0.002137615352216699,-0.0010934775419922183
1554371895.4112098,0.2555428445339203,0.007938724011182785,-1.7776387929916382,-0.0013823978036639206,-0.00022506455983419598,0.00026977170796395604
1554371895.4205804,0.2556612491607666,0.007693830411881208,-1.7776048183441162,-0.005583858369742112,-0.0014826896062402305,-0.0015941306209254957
1554371895.4309478,0.2556445896625519,0.007691686041653156,-1.777585506439209,-0.0057175778830852765,-0.0016783323534880195,-0.001229615382426564
1554371895.440195,0.25556302070617676,0.007679032161831856,-1.7775983810424805,-0.005460538817543616,-0.0024910160955554828,-0.0010006891024136766
1554371895.450567,0.2556025981903076,0.007841913029551506,-1.7776234149932861,-0.0021423190344839246,-0.0008986929175056682,-0.004649631901689562
1554371895.4609315,0.25565165281295776,0.00769435241818428,-1.777574062347412,-0.005873587109321131,-0.0016901409049625924,-0.0014613950879111901
1554371895.460966,0.2556530237197876,0.007695367094129324,-1.7775732278823853,-0.005331891758105146,-0.001611038795917986,-0.0018120976515829423
1554371895.4712746,0.2556626796722412,0.007711993996053934,-1.7775903940200806,-0.0057898597410012695,-0.0015566193632357852,-0.0016567873120636872
1554371895.4806056,0.2555711269378662,0.007814016193151474,-1.7776036262512207,-0.0021457934448946684,-0.001347395998882657,-0.00382959170923898
1554371895.4909732,0.25558027625083923,0.0076825981959700584,-1.7775766849517822,-0.005085963371503781,-0.0025370137431941454,-0.0012921128862197306
1554371895.5012949,0.25567910075187683,0.0076942057348787785,-1.7775777578353882,-0.005441409021332984,-0.0017938079857411707,-0.001430055262350957
1554371895.5013285,0.25560262799263,0.007680780254304409,-1.7775840759277344,-0.005657028949944042,-0.001809613433143745,-0.0012568759792329657
1554371895.5106337,0.25561967492103577,0.007684012874960899,-1.7776018381118774,-0.00539004637202934,-0.0019876907657905346,-0.0011884673576898776
1554371895.5210032,0.2555635869503021,0.007668331731110811,-1.7775994539260864,-0.005355024706877981,-0.0026188199935455675,-0.0008001343790334703
1554371895.5302064,0.25563278794288635,0.00768794771283865,-1.7776148319244385,-0.005819652389897274,-0.0021465698923539933,-0.000605118872985339
1554371895.540571,0.25557634234428406,0.007741208653897047,-1.7775962352752686,-0.004934453808639889,-0.0016544685326276246,0.0013141010877339332
1554371895.5509517,0.2556321918964386,0.007675390224903822,-1.7775888442993164,-0.005807623555723328,-0.0020501746076150473,-0.001271948801677495
1554371895.5509892,0.2555735409259796,0.007806692272424698,-1.777622103691101,-0.002198256039099956,-0.0011710905619206375,-0.004007434881727436
1554371895.560248,0.2556425929069519,0.007707142736762762,-1.7775920629501343,-0.005306712451959171,-0.0018201979766274009,-0.0016253282057667232
1554371895.570612,0.2556052803993225,0.007829206995666027,-1.7776175737380981,-0.002075680953531387,-0.0010313359329348131,-0.004302716670555555
1554371895.5810115,0.25561997294425964,0.007698316127061844,-1.7775887250900269,-0.005241197060692497,-0.0019437200938256848,-0.0013399425691166052
1554371895.5902753,0.2555457651615143,0.007814042270183563,-1.7775832414627075,-0.0045393049494241305,-0.0014666916716848377,0.003160539585243003
1554371895.6007066,0.2555724084377289,0.007674406748265028,-1.7775788307189941,-0.0054686647884928585,-0.0027037412620999216,-0.0012712215442051455
1554371895.6007454,0.2556241452693939,0.007657451089471579,-1.7775954008102417,-0.005464667527442423,-0.0022496125175897187,-0.0009270916272401583
1554371895.6111221,0.2556121051311493,0.007687771692872047,-1.7775864601135254,-0.005468612730606171,-0.002177220095991123,-0.0013849953950229664
1554371895.6204867,0.25566306710243225,0.007683443836867809,-1.7775896787643433,-0.005560770200271003,-0.0017543646796938824,-0.0013704300819848204
1554371895.6308835,0.2556142508983612,0.007696066051721573,-1.7775784730911255,-0.00546244019793503,-0.0019816735136864256,-0.001256486656531837
1554371895.6412756,0.25562864542007446,0.007762675639241934,-1.7775678634643555,-0.005133260590651188,-0.001180323952178015,0.0011519645447758422
1554371895.6506991,0.25565722584724426,0.0077217016369104385,-1.7775828838348389,-0.005683105121882867,-0.001451180278737979,-0.0018589238373851822
1554371895.6507397,0.2555716931819916,0.00777021050453186,-1.7775739431381226,-0.004660391338379614,-0.0019135643830550636,0.0017078633351659122
1554371895.6611178,0.25556957721710205,0.007670396938920021,-1.7775872945785522,-0.005423778726860468,-0.002635988146832252,-0.0011673929337260862
1554371895.6704826,0.25559473037719727,0.007817999459803104,-1.777611494064331,-0.0023214093847557303,-0.0008458047644341249,-0.004388814974896338
1554371895.6808765,0.2555595934391022,0.007815085351467133,-1.7776188850402832,-0.0021478854249399135,-0.0011316006168761038,-0.004093522003229095
1554371895.6912575,0.2556118071079254,0.0076908390037715435,-1.7775951623916626,-0.005335848769401591,-0.00216055969856663,-0.0014766602255782836
1554371895.7006247,0.2555480897426605,0.007801522966474295,-1.777610182762146,-0.0047499947244322915,-0.0015360783047386514,0.0036164154571597953
1554371895.7109983,0.25565189123153687,0.007691573351621628,-1.7775825262069702,-0.005539224770282076,-0.0016662432108969913,-0.0013768965266299032
1554371895.7110314,0.2556472420692444,0.0076876175589859486,-1.7775799036026,-0.0055781941111395636,-0.0016775065239051437,-0.0016890137000942335
1554371895.7202458,0.2556096613407135,0.007682263385504484,-1.7775933742523193,-0.005608305718938657,-0.00191650496082592,-0.0010356326554408816
1554371895.7306194,0.25551676750183105,0.0077513414435088634,-1.7775774002075195,-0.004764227384423771,-0.002090226533142854,0.0016022079527778005
1554371895.74099,0.25561678409576416,0.007688980549573898,-1.7775758504867554,-0.005307167869573727,-0.0020445595473358915,-0.0010986493429565424
1554371895.7502332,0.25561344623565674,0.007676573935896158,-1.7775887250900269,-0.005373961761285786,-0.0022162269295936104,-0.0013678913633840067
1554371895.7606027,0.2555754780769348,0.0076553416438400745,-1.7775825262069702,-0.005380034816166477,-0.0025574823448889852,-0.0010042208592083407
1554371895.760637,0.2556575536727905,0.0076891593635082245,-1.7775750160217285,-0.005553244287166772,-0.0016134940169260097,-0.0016071529049693145
1554371895.7708519,0.2556268274784088,0.007674712687730789,-1.777594804763794,-0.0053378467130784715,-0.0021003110521782774,-0.001260839475693261
1554371895.781216,0.25562524795532227,0.007680796552449465,-1.7775799036026,-0.005593623821498201,-0.002176678858186953,-0.0011115167295269945
1554371895.7905822,0.25561007857322693,0.007679997943341732,-1.777580738067627,-0.005526723473426432,-0.002032925769504615,-0.0011515063733983125
1554371895.8009372,0.255550742149353,0.007666336372494698,-1.7775778770446777,-0.0055737421011148565,-0.0025266293247497135,-0.0010612282918671867
1554371895.8009717,0.25561243295669556,0.007668621838092804,-1.7775726318359375,-0.005715164931490801,-0.0018387546574616448,-0.0012284603315785654
1554371895.8101907,0.2555583119392395,0.007673811167478561,-1.7775861024856567,-0.005345776866490997,-0.002303615228201363,-0.000826571343342335
1554371895.8205712,0.25554728507995605,0.007681247778236866,-1.7775790691375732,-0.005022242392146045,-0.002561201708761294,-0.0010434727322237596
1554371895.8309464,0.25560393929481506,0.007663349620997906,-1.7775895595550537,-0.005464846421474721,-0.002006009496231475,-0.0009213461556942155
1554371895.8401864,0.25564488768577576,0.007671826984733343,-1.7775648832321167,-0.005478247761649233,-0.001565335346472213,-0.0013060515794748903
1554371895.8505588,0.25551342964172363,0.0077295079827308655,-1.7775672674179077,-0.004696472082634381,-0.0021655298111265195,0.0018439786838655493
1554371895.860923,0.25564849376678467,0.007676710374653339,-1.7775698900222778,-0.005480167335685298,-0.001585246135707961,-0.0013490638063336877
1554371895.8609574,0.25560423731803894,0.007673012092709541,-1.7775752544403076,-0.005580132621210217,-0.0020160201171735984,-0.0008941828773723383
1554371895.8712728,0.2555643320083618,0.007677812594920397,-1.7775675058364868,-0.004947728690972351,-0.002305795940621452,-0.0011333669299850428
1554371895.880644,0.25561752915382385,0.007714996114373207,-1.7775812149047852,-0.005154349846922544,-0.0017668106209387125,0.0002162627280556577
1554371895.890953,0.2555626928806305,0.007668108679354191,-1.777561068534851,-0.005489708309666647,-0.0024689452982129675,-0.0012882131345932379
1554371895.900194,0.25555330514907837,0.007670306134968996,-1.7775741815567017,-0.005379643365945274,-0.0025521872585020527,-0.0011773141366433215
1554371895.9105282,0.2555543780326843,0.007670140825212002,-1.7775746583938599,-0.005425115541406847,-0.0023549246365893854,-0.0009592671877120219
1554371895.910563,0.255592405796051,0.007670324295759201,-1.7775769233703613,-0.005652206822698953,-0.0019686732937189535,-0.0010339718355595112
1554371895.9208443,0.2556365728378296,0.007689993362873793,-1.777590274810791,-0.005738427331265329,-0.0015851700508573406,-0.0019632301267056506
1554371895.9312117,0.25554659962654114,0.007664052303880453,-1.7776014804840088,-0.005323760176593833,-0.0021725870857907384,-0.0010139957483279748
1554371895.940579,0.2556467652320862,0.007683917880058289,-1.7775923013687134,-0.005479793377416375,-0.001536790475905896,-0.0016761095014790515
1554371895.9508693,0.2555525004863739,0.007657566107809544,-1.7775884866714478,-0.0054117865334447224,-0.002499989245641461,-0.0011899312727067732
1554371895.9509046,0.2556082308292389,0.007663165684789419,-1.7775955200195312,-0.005299901139056712,-0.0022457065995510907,-0.0012896890901514801
1554371895.9612474,0.25555065274238586,0.007670354563742876,-1.7775921821594238,-0.005425400965808983,-0.002402310461394641,-0.0009013295349596135
1554371895.9706197,0.2555610239505768,0.00765715166926384,-1.7775945663452148,-0.005456909371476564,-0.0023087723641408054,-0.0009434982139444064
1554371895.9809983,0.2555543780326843,0.007806580513715744,-1.7776150703430176,-0.0019712754421922904,-0.0013693967699178282,-0.003870569356052893
1554371895.9902377,0.2556570768356323,0.007695530075579882,-1.7775758504867554,-0.0057860096007038096,-0.0015482187534367577,-0.001776390622389052
1554371896.0006044,0.2556045949459076,0.007693886291235685,-1.7775981426239014,-0.005537676699648534,-0.0020337919406665786,-0.0013345328965570866
1554371896.0109162,0.2556087374687195,0.007679353002458811,-1.777592658996582,-0.005360076480032231,-0.002117291626759977,-0.0012298290122899783
1554371896.0109513,0.2556432783603668,0.00770212896168232,-1.7775967121124268,-0.0056028013625093786,-0.0015234969052415645,-0.0013181452111197187
1554371896.0212872,0.25564059615135193,0.007701382040977478,-1.777592420578003,-0.005556224423495922,-0.001594813462237148,-0.0017306162589184818
1554371896.0305784,0.25566112995147705,0.007673580665141344,-1.7775912284851074,-0.0055275106375076745,-0.0017542694738471873,-0.0015332728097545894
1554371896.0409307,0.25561127066612244,0.00768493115901947,-1.777594804763794,-0.005535998620399371,-0.0021867316261690605,-0.0009243084611951054
1554371896.0513127,0.25556880235671997,0.007674861699342728,-1.7775863409042358,-0.00524090859669686,-0.0025951935284061816,-0.00105423178132098
1554371896.0513468,0.2556411027908325,0.007691204082220793,-1.7775774002075195,-0.005683062170965555,-0.0016576395869221338,-0.001605616020636832
1554371896.0606992,0.2556104362010956,0.007597233168780804,-1.7776139974594116,-0.00422762718180974,-0.0017523230030701516,-0.0011541497275996066
1554371896.0710492,0.25564995408058167,0.007684525568038225,-1.777581810951233,-0.005566826485504786,-0.0016406642988445262,-0.0016817809101285065
1554371896.0802965,0.25561708211898804,0.007680581416934729,-1.7775861024856567,-0.00573555381482163,-0.0018235828345041071,-0.0008159762567801519
1554371896.090677,0.2556110620498657,0.007683442905545235,-1.7775951623916626,-0.005312615655192903,-0.0022305919116263426,-0.0012849468054125341
1554371896.101029,0.25565269589424133,0.007672048639506102,-1.7775747776031494,-0.005733848280510227,-0.001813220068628098,-0.0013985154280534162
1554371896.1010618,0.2556198239326477,0.007676186040043831,-1.7775852680206299,-0.005758746927247831,-0.0020626111358834727,-0.0011766420485803122
1554371896.1102734,0.255582720041275,0.0076755047775805,-1.7775896787643433,-0.00535957242111395,-0.0024322594966477715,-0.0009630317544793766
1554371896.1206582,0.25565484166145325,0.007696840912103653,-1.7775731086730957,-0.00572497067635757,-0.0014959895519304782,-0.0015654897529795253
1554371896.1310408,0.25558093190193176,0.007682505529373884,-1.7775685787200928,-0.005543259408395477,-0.0025645487836704057,-0.0011956193191898737
1554371896.1402903,0.25555768609046936,0.007802017964422703,-1.7775810956954956,-0.00454883623873413,-0.0014511671525200352,0.003283651307661675
1554371896.150688,0.2556515634059906,0.007692547515034676,-1.7775708436965942,-0.0053330563389090545,-0.0013801847083235693,-0.0014165701625507504
1554371896.1507277,0.25565746426582336,0.007710741832852364,-1.7775808572769165,-0.005435509004704454,-0.0015812713350887011,-0.0019098700813979183
1554371896.161078,0.25561007857322693,0.00782601535320282,-1.7775918245315552,-0.0047393867228426555,-0.0006611070112204164,0.003276808121172019
1554371896.170463,0.25565817952156067,0.007719689980149269,-1.7775694131851196,-0.0051725897758929515,-0.001540168943433676,-0.0019623858833455517
1554371896.180889,0.2555611729621887,0.007819459773600101,-1.7775979042053223,-0.004338416443284919,-0.0013483343461883047,0.003552830944125551
1554371896.191271,0.2556513547897339,0.007706815376877785,-1.7775890827178955,-0.005585976701656844,-0.0016388296388485399,-0.001428148236892405
1554371896.200653,0.2556619942188263,0.007715809158980846,-1.7775874137878418,-0.00572563765785602,-0.0012094311270546105,-0.0015209435112648665
1554371896.2110372,0.25566262006759644,0.007708008401095867,-1.7775882482528687,-0.005556609180201826,-0.0013971136957784949,-0.0014304386745283859
1554371896.2110708,0.25565803050994873,0.007703529205173254,-1.777578353881836,-0.005659584501927214,-0.001724994450117971,-0.0018563490359067658
1554371896.2202444,0.25565341114997864,0.007698555942624807,-1.7775839567184448,-0.005486309284226267,-0.0016123937009537854,-0.0015513991795175215
1554371896.2305949,0.2555169463157654,0.0077888877131044865,-1.7776211500167847,-0.002139860279339783,-0.0016598824725540893,-0.0037610925799729774
1554371896.2408404,0.2556459605693817,0.00770849734544754,-1.7775808572769165,-0.005541547268345951,-0.0016632185468279947,-0.0014703683093996163
1554371896.2510788,0.2556043863296509,0.007679865695536137,-1.777587652206421,-0.0053421206436509265,-0.0017371449378054795,-0.0016225900623222217
1554371896.2511315,0.2555082142353058,0.007759452797472477,-1.7775834798812866,-0.004598170525285144,-0.002215372589926716,0.0011854422908198414
1554371896.2603252,0.2556150555610657,0.007680787239223719,-1.7775886058807373,-0.005570509955414046,-0.001979614625247136,-0.0011632007087052885
1554371896.270703,0.25571197271347046,0.007584224455058575,-1.777574896812439,-0.0031428695702522304,-0.000895357902366428,-0.003201254948002254
1554371896.2812486,0.25560715794563293,0.007817763835191727,-1.7776063680648804,-0.002104533794508421,-0.0008501715414826151,-0.003948564435236706
1554371896.290629,0.25567731261253357,0.007708305027335882,-1.7775620222091675,-0.005237492423948239,-0.0014820389880165047,-0.0015610806643622686
1554371896.3010058,0.255589097738266,0.007686668075621128,-1.7775768041610718,-0.005344235435757974,-0.0023224658004441386,-0.0011867377824362614
1554371896.3010397,0.2556755244731903,0.0077021983452141285,-1.7775784730911255,-0.0058496822840929915,-0.0014357128643218006,-0.0016280429369942364
1554371896.3102756,0.2556363046169281,0.00782443955540657,-1.7776051759719849,-0.002220461774788471,-0.0008899016244357068,-0.00456559370053788
1554371896.320633,0.2556658685207367,0.007718581706285477,-1.7775846719741821,-0.00538654994887656,-0.0014226995344972131,-0.0018597913201518314
1554371896.331014,0.2556737959384918,0.007708589546382427,-1.7775802612304688,-0.0056525716164305155,-0.001444463774230836,-0.0014445972590155132
1554371896.3402548,0.2556821405887604,0.007704790215939283,-1.7775853872299194,-0.005195774301256608,-0.001532572350491727,-0.0012342738613060585
1554371896.3506281,0.25558632612228394,0.00791688822209835,-1.7776151895523071,-0.0019849243306657317,-0.0004992473786116754,-0.0018041065836776192
1554371896.3609974,0.2556172311306,0.007769141346216202,-1.7775676250457764,-0.004916432096832422,-0.0010747139643712872,0.0008312091862272727
1554371896.3610315,0.2556612491607666,0.007702409289777279,-1.7775707244873047,-0.005537168589571111,-0.0015928426635630367,-0.0012120258655952116
1554371896.370252,0.2556435465812683,0.007699888199567795,-1.7775863409042358,-0.005400985053511636,-0.0020597772130030185,-0.0010284032239818099
1554371896.3806279,0.2556745111942291,0.007693079765886068,-1.7775788307189941,-0.005704682570430061,-0.0016369049847053915,-0.0017407946364275026
1554371896.3909056,0.25566336512565613,0.007684019859880209,-1.7775663137435913,-0.005326255906210401,-0.001638395219019069,-0.001929027600876628
1554371896.4012015,0.2556300759315491,0.007683407980948687,-1.777591347694397,-0.005486754468542177,-0.0021089968578250386,-0.0010356280897218229
1554371896.4012353,0.25558698177337646,0.007693170569837093,-1.777592420578003,-0.005312926835934023,-0.002467565818872272,-0.0010965321096892502
1554371896.4104598,0.2556140124797821,0.00783021654933691,-1.777625560760498,-0.0022935101697175724,-0.0008561752339308184,-0.004304013389399492
1554371896.4207544,0.25565865635871887,0.007705237250775099,-1.7775872945785522,-0.005784970213978278,-0.0015196056496570415,-0.0017826228268500524
1554371896.4310534,0.25562548637390137,0.007784830406308174,-1.777583122253418,-0.0049085016252387904,-0.001363793328689403,0.0007747955095606801
1554371896.4402416,0.2556127905845642,0.007692078128457069,-1.7775828838348389,-0.005539354371179428,-0.001856483770386157,-0.001637679568792277
1554371896.450575,0.25561514496803284,0.007685879245400429,-1.7776063680648804,-0.005698274455428108,-0.0022022362702741037,-0.001192042252702823
1554371896.4609046,0.2556496560573578,0.007688622921705246,-1.7775923013687134,-0.005852832519511547,-0.0016187990493124061,-0.0014012779890828558
1554371896.4609382,0.255694717168808,0.007644440047442913,-1.777592420578003,-0.004644944923313264,-0.000938817503248118,-0.002302153635907899
1554371896.4712124,0.2556111514568329,0.007681483402848244,-1.7775917053222656,-0.005292483233593904,-0.00205773648168844,-0.0013037833496288248
1554371896.480516,0.2556588351726532,0.007697355002164841,-1.7775894403457642,-0.005674658598786256,-0.0013903264289911112,-0.001783429237925063
1554371896.490879,0.25557586550712585,0.007754241116344929,-1.777583360671997,-0.004812082875367151,-0.0017422236687999974,0.0011937325369321531
1554371896.5012524,0.255630224943161,0.0077048614621162415,-1.777585744857788,-0.005464978560079724,-0.001979366703692112,-0.0013389699011785987
1554371896.5012867,0.2556144893169403,0.007686033844947815,-1.7775967121124268,-0.0053825428966681665,-0.001994857850538288,-0.0012167092850268618
1554371896.51057,0.25568148493766785,0.007719452492892742,-1.7775871753692627,-0.005596333900359826,-0.001655600772081529,-0.0014529037873874302
1554371896.5208836,0.2556532025337219,0.007709193043410778,-1.777587890625,-0.005601582507416155,-0.0013672036697477685,-0.0014945540436810893
1554371896.5312452,0.2556527853012085,0.007715457119047642,-1.7775980234146118,-0.0054577058391310235,-0.001478149562455159,-0.0017199684938864308
1554371896.5406084,0.25565409660339355,0.007740332279354334,-1.7775849103927612,-0.005210276897070598,-0.0014288509851588167,-0.0020253046929417915
1554371896.5509615,0.25562047958374023,0.007704075425863266,-1.77760648727417,-0.005400351769518737,-0.00211905147988702,-0.0011691345861753535
1554371896.550997,0.255655974149704,0.007715906482189894,-1.7775704860687256,-0.005448245514625369,-0.0015040331791269458,-0.001874866657296791
1554371896.5602155,0.2556297481060028,0.007705409545451403,-1.777587890625,-0.005437095537070851,-0.0019745954898354816,-0.0013353759670497926
1554371896.5809073,0.2556580603122711,0.007720051798969507,-1.7775719165802002,-0.005619469257541988,-0.0015444143914895296,-0.0015918925826785846
1554371896.5809436,0.2555665075778961,0.007817184552550316,-1.7776011228561401,-0.004193623492952788,-0.0013881317375647204,0.0035270845871047656
1554371896.591287,0.2556151747703552,0.007688948418945074,-1.7775793075561523,-0.005475011588544157,-0.0017752265631642708,-0.0008580305552581404
1554371896.6006618,0.2556590437889099,0.007712644524872303,-1.7775747776031494,-0.005487160425349908,-0.0016985334881447697,-0.0015391665642716806
1554371896.610961,0.25565144419670105,0.007697685621678829,-1.777585744857788,-0.005551005861025501,-0.0015028907578721257,-0.0018282963266455987
1554371896.6109965,0.2556172013282776,0.0076860086992383,-1.7775859832763672,-0.005540959712430982,-0.002029387782971719,-0.0012006959955739634
1554371896.6202197,0.2556620240211487,0.007684157695621252,-1.77756929397583,-0.005639824188228304,-0.0014721260479399244,-0.001016881456062733
1554371896.6305952,0.2556077837944031,0.007666804362088442,-1.7775734663009644,-0.005497274614525651,-0.0021142899289983675,-0.0013327847532918753
1554371896.6409626,0.2555784583091736,0.007668887730687857,-1.7775808572769165,-0.00521256482103494,-0.002542654990414021,-0.0015917161563947745
1554371896.6502059,0.25561514496803284,0.0076776668429374695,-1.7775746583938599,-0.0057720794631388244,-0.0019037928951306123,-0.0009982879281355001
1554371896.6605763,0.25558868050575256,0.007731706369668245,-1.7775835990905762,-0.0035669248843289885,-0.0015731496513594415,-0.0026427463913248593
1554371896.6606102,0.2556067705154419,0.00767861120402813,-1.777565360069275,-0.005605757534888791,-0.002050628830926994,-0.0012438618930902254
1554371896.6709063,0.25557857751846313,0.007813428528606892,-1.7776074409484863,-0.0020451491871810636,-0.0014037268648379143,-0.003858568109779778
1554371896.681192,0.25567278265953064,0.00771052623167634,-1.777566909790039,-0.005526112027653717,-0.0014623415091116314,-0.0013481261428038543
1554371896.690565,0.25561007857322693,0.007834844291210175,-1.7775943279266357,-0.004328384015234147,-0.0007543238151469426,0.002713665272610444
1554371896.700844,0.2556699216365814,0.007723299786448479,-1.7775808572769165,-0.005375603436776667,-0.001591518857747274,-0.0017718863936680808
1554371896.7008748,0.2556580901145935,0.007719428278505802,-1.777575135231018,-0.005631248402932228,-0.001464142049700065,-0.001579374644754039
1554371896.7111804,0.2556699216365814,0.007706383243203163,-1.7775700092315674,-0.00543547688575372,-0.0015233025676855102,-0.0018243724494032927
1554371896.720556,0.25562721490859985,0.007689281366765499,-1.7775849103927612,-0.005588128790643698,-0.00195298935366633,-0.0013366300833582403
1554371896.7309246,0.2556513845920563,0.007713534869253635,-1.777587890625,-0.00564752268224115,-0.0015655025459871516,-0.0014823836322975332
1554371896.7412932,0.2556169331073761,0.007689857389777899,-1.7775861024856567,-0.0054775569547871085,-0.0018373199448076867,-0.0011794217051605683
1554371896.7507246,0.2556605041027069,0.007691803853958845,-1.7775661945343018,-0.005715104530834641,-0.0017248019851166915,-0.001991785564001402
1554371896.7507582,0.25562936067581177,0.0076799094676971436,-1.7775682210922241,-0.005413222444708976,-0.0018580016108389952,-0.0011602978791129654
1554371896.7610714,0.2556394338607788,0.007700431160628796,-1.7775781154632568,-0.005490898043815782,-0.0019765487673775416,-0.0011080477465319953
1554371896.7703154,0.25564661622047424,0.007699986454099417,-1.7775720357894897,-0.005364168956844379,-0.0012698277674074159,-0.0017699822805055567
1554371896.780691,0.25564974546432495,0.007703898474574089,-1.7775871753692627,-0.005489367951530533,-0.0015090119301221377,-0.0016224065519007504
1554371896.7909086,0.2556442618370056,0.00769540062174201,-1.777574896812439,-0.005416392735897234,-0.0015168076343478384,-0.0016581977314537467
1554371896.8012242,0.25561317801475525,0.0076826345175504684,-1.7775899171829224,-0.005627562591304597,-0.0019559870825153155,-0.0010576006926052883
1554371896.8012578,0.25560322403907776,0.007694197818636894,-1.7775905132293701,-0.005457460046886336,-0.001919055701164166,-0.0011423967286343462
1554371896.8104742,0.25565433502197266,0.007700322661548853,-1.7775908708572388,-0.005642598087829023,-0.0014616764393184621,-0.0017713376320580593
1554371896.8208048,0.25556138157844543,0.007688106503337622,-1.777592420578003,-0.005488830874220625,-0.002376777455740744,-0.0006928745216618543
1554371896.8311799,0.2556511163711548,0.007692442275583744,-1.7775895595550537,-0.005501735332348991,-0.0013925926095461382,-0.001874317261492469
1554371896.8405268,0.2555709183216095,0.0076759434305131435,-1.7775979042053223,-0.005154190879202523,-0.0025035474806812293,-0.001082410718378664
1554371896.850891,0.25560733675956726,0.007690094411373138,-1.777582049369812,-0.005247126516702487,-0.0021659918291687804,-0.0015584135757725872
1554371896.8509245,0.25566384196281433,0.007707372773438692,-1.7775821685791016,-0.005418700686592803,-0.0016089492510204578,-0.0011773316383062787
1554371896.8612726,0.25562089681625366,0.007682871539145708,-1.7775962352752686,-0.005229317660329805,-0.001958052245918319,-0.0016703221555919993
1554371896.8706477,0.2555079460144043,0.00774414325132966,-1.7775816917419434,-0.005031483385109941,-0.0024068751499207296,0.001861854069879593
1554371896.8810556,0.2557002902030945,0.007599963340908289,-1.7776273488998413,-0.0030779175432876123,-0.0008481595971742991,-0.003042089502371152
1554371896.8902872,0.2556186318397522,0.007683423347771168,-1.7775897979736328,-0.005548419032599699,-0.0019858738461735414,-0.0012461819265350822
1554371896.9007502,0.25565001368522644,0.007695274893194437,-1.7775652408599854,-0.005422689746016078,-0.0016859057316305941,-0.0018490816417770348
1554371896.9007857,0.255575954914093,0.007673437707126141,-1.777588963508606,-0.005488101001448313,-0.0026251441495372665,-0.0007170065799670746
1554371896.9111454,0.25565508008003235,0.007710820063948631,-1.7775682210922241,-0.005475363422235018,-0.0016552135950864211,-0.0016782806791346713
1554371896.9204736,0.25567325949668884,0.00773101719096303,-1.7776005268096924,-0.005431736178101427,-0.001460946979110821,-0.0013193666680156734
1554371896.930829,0.2556382417678833,0.0078024654649198055,-1.777567744255066,-0.0050023904947243715,-0.0012209009969670068,0.0009754039302153306
1554371896.9412045,0.25566816329956055,0.007712414022535086,-1.7775784730911255,-0.005548929943402993,-0.0017432610643656331,-0.0017751700709490003
1554371896.9507086,0.2556193768978119,0.007814409211277962,-1.777606725692749,-0.002317478243577227,-0.0008077966007992626,-0.004320632768957305
1554371896.950743,0.2556723952293396,0.007709412835538387,-1.777573823928833,-0.0055076713509883005,-0.0015442126731414923,-0.002024146393970046
1554371896.9610722,0.2556791603565216,0.007708200719207525,-1.7775757312774658,-0.005553888510994324,-0.0014986421897715343,-0.001481814406240898
1554371896.9703307,0.2556150555610657,0.0077001722529530525,-1.7775827646255493,-0.005001427400715397,-0.0020411288673967323,-0.0014702626536672357
1554371896.9807038,0.25562021136283875,0.007693612016737461,-1.777570128440857,-0.005330475866210491,-0.00226243859559261,-0.0016516433660193597
1554371896.9910715,0.25561630725860596,0.007846315391361713,-1.777601718902588,-0.00225869801436718,-0.0007798598162129203,-0.004627686957603579
1554371897.0003152,0.25558194518089294,0.007689984980970621,-1.777571439743042,-0.0055165366555794855,-0.00240903906830473,-0.0007918830195979145
1554371897.0106611,0.2556578516960144,0.0077115572057664394,-1.7775684595108032,-0.005580613690510317,-0.0015209307749119107,-0.001869439439243801
1554371897.0106902,0.2556762099266052,0.007698812521994114,-1.7775694131851196,-0.005713651996036929,-0.0015416319995846745,-0.0014120722019318316
1554371897.020971,0.25563493371009827,0.007707127835601568,-1.777565598487854,-0.005380814028129645,-0.0019796548791089106,-0.0013813498823601828
1554371897.030209,0.2556789517402649,0.007703506387770176,-1.7775704860687256,-0.005273756400066661,-0.0015234300274450986,-0.0016041447297497188
1554371897.0405738,0.25566428899765015,0.007701150607317686,-1.777567744255066,-0.0056134316106206655,-0.0015917259892166745,-0.0012583406892904385
1554371897.0508587,0.2556662857532501,0.0076986923813819885,-1.7775793075561523,-0.0055209787209665045,-0.0014947334923499653,-0.001737518743170711
1554371897.0508916,0.2556617259979248,0.007713687140494585,-1.7775795459747314,-0.00535987941720955,-0.0015614180492268242,-0.0019626056693406104
1554371897.0612006,0.2555156350135803,0.007809942122548819,-1.7775923013687134,-0.004323212853855571,-0.0019924131029652446,0.0037054939938855136
1554371897.070575,0.2556222379207611,0.007698850240558386,-1.7775813341140747,-0.005628787664084455,-0.0018223099439366795,-0.001013122913281541
1554371897.080946,0.25566521286964417,0.007695517502725124,-1.7775888442993164,-0.005910677507861286,-0.001639853784297326,-0.0014877122961632987
1554371897.0901854,0.255654901266098,0.007699090056121349,-1.7775803804397583,-0.005589535088115457,-0.0015665733635017005,-0.0013123407988342177
1554371897.1005588,0.25560462474823,0.007682206109166145,-1.7775977849960327,-0.005300127612077109,-0.0022996301229362493,-0.001112831361540157
1554371897.1108196,0.2556193470954895,0.007688932586461306,-1.7775825262069702,-0.005522983229254024,-0.0019476571903776147,-0.0011571774202086113
1554371897.1108463,0.2556123733520508,0.007703820709139109,-1.7775921821594238,-0.005471597685337213,-0.0020232244887920313,-0.0011564264681861052
1554371897.12117,0.2556089460849762,0.0076978751458227634,-1.7775981426239014,-0.005502601456203891,-0.0018823083424778426,-0.0009845783529027297
1554371897.1305456,0.25556042790412903,0.007678676396608353,-1.777587890625,-0.005460962047718902,-0.0023033358706057343,-0.0007459503358112217
1554371897.14091,0.2556515038013458,0.007721788249909878,-1.7776036262512207,-0.005841743502393733,-0.001681644952695027,-0.0018106884131850111
1554371897.151281,0.255571186542511,0.007698570843786001,-1.7776039838790894,-0.005455904438780543,-0.002493144073164706,-0.0008618381022842596
1554371897.1513145,0.2555566132068634,0.00768759660422802,-1.7775875329971313,-0.0055713408325226334,-0.002529000420509595,-0.0009004056012558037
1554371897.1606584,0.2556512951850891,0.007724747061729431,-1.7775774002075195,-0.005381676098927447,-0.0015818394457213206,-0.0016066625034137773
1554371897.171031,0.25565728545188904,0.007732951547950506,-1.7775887250900269,-0.005458813907220005,-0.001390592116540913,-0.001962969540444239
1554371897.18027,0.2556593716144562,0.007715088315308094,-1.7775835990905762,-0.005728734193497016,-0.0017094834866793268,-0.0016333038750488652
1554371897.190572,0.2556631863117218,0.007707953918725252,-1.7775936126708984,-0.005525597512196596,-0.0016057973100827173,-0.001424082819001771
1554371897.2009068,0.25566554069519043,0.007711772806942463,-1.777573823928833,-0.005581259794633409,-0.0016837909577361377,-0.0019116429209755223
1554371897.2009397,0.2556118071079254,0.0077855028212070465,-1.777591347694397,-0.0032186862414753784,-0.0007952110240340471,-0.003570464889320448
1554371897.211232,0.255575031042099,0.007675542496144772,-1.7775851488113403,-0.005351823221223741,-0.002386327570746558,-0.0008967387455517521
1554371897.2206073,0.25562939047813416,0.007695315405726433,-1.7775827646255493,-0.005426994141221857,-0.0020606927143891835,-0.0013582384241219683
1554371897.2310028,0.25565657019615173,0.007704743184149265,-1.7775702476501465,-0.0053379967623010515,-0.0015160759149228946,-0.0015978855330166907
1554371897.24021,0.25562289357185364,0.007692746818065643,-1.777582049369812,-0.005007613061734418,-0.002032714172097206,-0.0016132131040868002
1554371897.2506187,0.25556063652038574,0.007681988645344973,-1.7775754928588867,-0.005677466820195385,-0.0022978425191473363,-0.000722045451097241
1554371897.2506578,0.2556570768356323,0.007714087143540382,-1.7775815725326538,-0.005618401115384646,-0.0014063452789506493,-0.0016293381381755653
1554371897.2610278,0.25561362504959106,0.0076944525353610516,-1.777587890625,-0.0052851844008952285,-0.0018959685943100108,-0.0015043488687971494
1554371897.2702982,0.2555807828903198,0.0076890503987669945,-1.7775965929031372,-0.005222862544619112,-0.0023500984535531058,-0.0009560052697811178
1554371897.2808826,0.2556174695491791,0.007699721958488226,-1.7775969505310059,-0.005168803284202988,-0.0021820040398649173,-0.0011241306820748188
1554371897.291265,0.2556629776954651,0.007710879668593407,-1.7775908708572388,-0.005474323612964476,-0.0016116094729876833,-0.001786666262639604
1554371897.300629,0.2556668519973755,0.007719647139310837,-1.7775837182998657,-0.005712392278650586,-0.0015365351799848715,-0.001450396010041622
1554371897.3109367,0.25566771626472473,0.007717981468886137,-1.7775847911834717,-0.0054557848986481325,-0.0014429040292804848,-0.0013399272699730843
1554371897.3109663,0.25567805767059326,0.0076959398575127125,-1.7775672674179077,-0.0055407526388067735,-0.0015655217205793658,-0.0012454950416923207
1554371897.3213024,0.25559914112091064,0.007825438864529133,-1.7775957584381104,-0.004423665945348488,-0.0009541113269179487,0.0030885208606418807
1554371897.3306844,0.25561684370040894,0.007698231376707554,-1.7775999307632446,-0.00524337137535474,-0.0021244882955534796,-0.001251654252181363
1554371897.3410094,0.25562581419944763,0.007695321459323168,-1.777585744857788,-0.005646169733305268,-0.0019577294780513833,-0.0011557650009780065
1554371897.3502643,0.2556207776069641,0.007692140992730856,-1.7776036262512207,-0.005403675303050606,-0.0022743531193793877,-0.0011509035256031088
1554371897.3606462,0.2555690109729767,0.007685754913836718,-1.7775917053222656,-0.005196611651930969,-0.002633084451367372,-0.0009344363790625111
1554371897.3606808,0.25566285848617554,0.007698038127273321,-1.777584433555603,-0.005667390246656771,-0.0015269320531409382,-0.0014817599076589632
1554371897.3710434,0.25561025738716125,0.0076831732876598835,-1.7775987386703491,-0.005643533436176925,-0.0020188631425482506,-0.0013827300377814416
1554371897.3802814,0.2556779086589813,0.007689471822232008,-1.7775770425796509,-0.005731786157254664,-0.0014804877714519609,-0.0012625360778737418
1554371897.3906486,0.25565966963768005,0.007697365712374449,-1.7775664329528809,-0.005528616023258608,-0.0017139005393164539,-0.0015954170684304274
1554371897.4009705,0.2556624710559845,0.007686992175877094,-1.7775719165802002,-0.00538455853580493,-0.0015932444874494395,-0.0017900324590308147
1554371897.4010048,0.2556637227535248,0.007687784265726805,-1.7775764465332031,-0.005701089756521754,-0.0017362674092443581,-0.0015221346492391426
1554371897.4102225,0.25565704703330994,0.0076932827942073345,-1.777571201324463,-0.005594326694059181,-0.001469231399572915,-0.0015379724335225211
1554371897.4205506,0.25565317273139954,0.0076882378198206425,-1.7775731086730957,-0.0054677087849652195,-0.0015756852143135407,-0.0017532690888717034
1554371897.4309156,0.25562402606010437,0.007673963438719511,-1.7775814533233643,-0.005609569190622059,-0.0020800963159463195,-0.0011852760360074202
1554371897.4412856,0.2556016445159912,0.007661988493055105,-1.7775771617889404,-0.005222138824445363,-0.002213661734133878,-0.0011891797698243972
1554371897.4506128,0.2555651366710663,0.007667347323149443,-1.7775760889053345,-0.005419351654809148,-0.0023541789767361687,-0.0010261090294709644
1554371897.4506478,0.2555735111236572,0.007798279169946909,-1.7776153087615967,-0.0021632318082867473,-0.0010520072694110226,-0.004141386680474072
1554371897.4609923,0.25566908717155457,0.007706834934651852,-1.777584433555603,-0.005230948305074706,-0.0015704842517879404,-0.0019227337522152279
1554371897.4702377,0.2556152939796448,0.007700767368078232,-1.7775931358337402,-0.0055992123650992175,-0.002029072622825392,-0.0011442830431681462
1554371897.4806085,0.25566500425338745,0.007710446137934923,-1.7775851488113403,-0.005320729518655211,-0.0016593656879538886,-0.0019303882286090326
1554371897.49092,0.25565671920776367,0.007728259544819593,-1.7775795459747314,-0.005599827624075102,-0.0016393003770600646,-0.0017148770972349248
1554371897.5012388,0.2556585371494293,0.007714553736150265,-1.7775771617889404,-0.005600375054745877,-0.001499425924534242,-0.0017920431346476824
1554371897.5012689,0.255622535943985,0.007684457115828991,-1.7775899171829224,-0.005420109425790133,-0.0021699560653417266,-0.001015368085217771
1554371897.510577,0.2556317150592804,0.0076858289539813995,-1.7775845527648926,-0.005513532524949202,-0.0019388401129911018,-0.001268118352323924
1554371897.5209486,0.25567182898521423,0.007717152591794729,-1.777570128440857,-0.005512494624756445,-0.0014010826929457603,-0.0014322986501725445
1554371897.5301886,0.2556275427341461,0.007694343104958534,-1.7775845527648926,-0.005389364062320739,-0.002044226930148874,-0.0016403470498746906
1554371897.5405555,0.25546616315841675,0.00787037517875433,-1.7776157855987549,-0.0014643706487277748,-0.0016182149833873561,-0.0014904874460931715
1554371897.5508983,0.25562575459480286,0.00769484369084239,-1.7775766849517822,-0.0050906750622976326,-0.0018442742444657345,-0.0011355161514308898
1554371897.5509312,0.25561249256134033,0.00784187763929367,-1.7776540517807007,-0.004528169217921761,-0.0011301991974769544,0.00436595463309485
1554371897.5612755,0.25566375255584717,0.007718105334788561,-1.777575969696045,-0.005603622043027974,-0.0016377180391341757,-0.001374973764860127
1554371897.5705853,0.25563791394233704,0.0076972623355686665,-1.777580976486206,-0.005438822859920056,-0.002172394927257606,-0.0012439208346852317
1554371897.5809262,0.25567546486854553,0.007710764184594154,-1.7775927782058716,-0.005498324466896144,-0.001619388170704241,-0.0017508798602136422
1554371897.59125,0.2556205987930298,0.0076896087266504765,-1.7775864601135254,-0.005571676238274472,-0.0019305872933908959,-0.0011639979608315217
1554371897.6006215,0.2555815577507019,0.007681825663894415,-1.7775994539260864,-0.005470297296874958,-0.0023585165663899225,-0.00090632740059888
1554371897.6109517,0.25566911697387695,0.007685195654630661,-1.7775788307189941,-0.005582060738825163,-0.0014227725577941192,-0.0018107674167383437
1554371897.6109858,0.2555687725543976,0.007691128645092249,-1.7775934934616089,-0.005136268177012269,-0.002399253681655636,-0.0010353258179837876
1554371897.6202047,0.2556084990501404,0.007679348811507225,-1.7775861024856567,-0.0054011890888112715,-0.002114872160035331,-0.0017711978093812003
1554371897.630543,0.2556551992893219,0.007691080216318369,-1.7775664329528809,-0.0054241007344408175,-0.0015768028780470693,-0.0011828790786691046
1554371897.6409128,0.2556164264678955,0.007677414454519749,-1.7775852680206299,-0.00560353288739586,-0.001977756757264367,-0.000899440891531277
1554371897.651184,0.2556380033493042,0.0076646083034574986,-1.7775917053222656,-0.005432843555883168,-0.002051208341965007,-0.0010536660442762797
1554371897.6512132,0.25561264157295227,0.007764314766973257,-1.777562141418457,-0.005148740410416212,-0.001135292846000172,0.0011293727593497812
1554371897.6604626,0.2556137144565582,0.007683387491852045,-1.7775732278823853,-0.0055854421907808385,-0.0020649747738022005,-0.0010758244610499235
1554371897.6707609,0.2556575834751129,0.007715773303061724,-1.7775933742523193,-0.005583123767396885,-0.0017247785576361269,-0.001594608434141649
1554371897.6810958,0.25566914677619934,0.007711966522037983,-1.7775787115097046,-0.005198624743602543,-0.0016131581909634674,-0.0019214261970380917
1554371897.6904144,0.2556149959564209,0.007825004868209362,-1.777624487876892,-0.0022784244351928867,-0.0009186859358816646,-0.004082980726691893
1554371897.7007606,0.2556658089160919,0.007713017053902149,-1.7775828838348389,-0.005572737038127661,-0.0015141118782229436,-0.0014420457813568487
1554371897.700795,0.2556687593460083,0.007700412068516016,-1.7775824069976807,-0.005658557490656497,-0.0014368336733342878,-0.0015447396887240813
1554371897.7110848,0.25558027625083923,0.007687052246183157,-1.7775886058807373,-0.005471655703794074,-0.002390364135374373,-0.001217723455728118
1554371897.7204728,0.2556200623512268,0.007788086775690317,-1.7775678634643555,-0.005018257742520554,-0.0013054388036222407,0.0005589220799614251
1554371897.7308714,0.25562265515327454,0.007697958033531904,-1.7775964736938477,-0.005585729737047865,-0.0018648352195316292,-0.0009201384363967674
1554371897.7412713,0.25566112995147705,0.0076972683891654015,-1.7775851488113403,-0.005496268874865155,-0.0014829068426307514,-0.0014882591598732453
1554371897.7506697,0.2556343078613281,0.007712635211646557,-1.7775875329971313,-0.005505006731569932,-0.0021408585606982884,-0.0012631973589049958
1554371897.7610686,0.2556576430797577,0.007696141023188829,-1.7775832414627075,-0.005517599587794269,-0.0014143172944393355,-0.0014773999089590611
1554371897.7611048,0.25563663244247437,0.007689186837524176,-1.7775821685791016,-0.005430995093729944,-0.0021040497586645376,-0.0017669902766783384
1554371897.770499,0.2556791305541992,0.007717927917838097,-1.7775733470916748,-0.005739750244986302,-0.0015501373242323862,-0.001357163734957609
1554371897.7808604,0.25565242767333984,0.0076940227299928665,-1.7775795459747314,-0.005732634928929225,-0.0013782366249672667,-0.0018935492853563497
1554371897.7912436,0.25566309690475464,0.007684148848056793,-1.7775830030441284,-0.005626292239141099,-0.0015151979438306035,-0.001524064301356122
1554371897.8006263,0.25565284490585327,0.00768516818061471,-1.777561902999878,-0.005579707536793108,-0.0015589535883116393,-0.0017965080818368798
1554371897.8006618,0.2556425929069519,0.0076746889390051365,-1.7775672674179077,-0.005504327626915831,-0.0015973494777689128,-0.0013724864343870027
1554371897.8109522,0.2556147873401642,0.007684269454330206,-1.777573823928833,-0.005398710896646719,-0.0019616105246038195,-0.0011686691975934841
1554371897.820201,0.25561490654945374,0.007685832213610411,-1.7775942087173462,-0.005485100351551671,-0.0018432272010080696,-0.0012606930727432426
1554371897.830583,0.255561888217926,0.007674212101846933,-1.7775874137878418,-0.005258999309782793,-0.0025767821174952376,-0.0008036031452986367
1554371897.840957,0.2556222677230835,0.007696329150348902,-1.7775875329971313,-0.005377308701683974,-0.0020187349221426,-0.0015503735866445618
1554371897.850211,0.25562140345573425,0.007696188520640135,-1.7775883674621582,-0.005785894863208579,-0.001954943474583895,-0.0009433682809852043
1554371897.860573,0.25561970472335815,0.007711597252637148,-1.7775852680206299,-0.005749838476655684,-0.002112155923883068,-0.000916590285328943
1554371897.8606074,0.25555989146232605,0.007685389369726181,-1.7775810956954956,-0.005224577069969527,-0.0026431626165078367,-0.0007964783622946066
1554371897.8709671,0.2556591033935547,0.007718164939433336,-1.7775859832763672,-0.0054339851648151135,-0.0016476905726354235,-0.0017807316454278583
1554371897.8802128,0.255627304315567,0.007700213231146336,-1.7775760889053345,-0.005638400949708784,-0.002078974742813357,-0.0013194405593278213
1554371897.8905623,0.25565290451049805,0.007699271664023399,-1.7775685787200928,-0.0054441633456232515,-0.0014880603883139871,-0.001469421037941481
1554371897.9009187,0.25562572479248047,0.0076936352998018265,-1.7775851488113403,-0.005519642107807291,-0.0020600943608967332,-0.0011861231655113452
1554371897.9009519,0.25561952590942383,0.0076964301988482475,-1.7775777578353882,-0.0054836880371516,-0.0019995208577182344,-0.0014074409691099143
1554371897.9112337,0.2556309998035431,0.00784489419311285,-1.7776097059249878,-0.004262866254177481,-0.0009150914902053873,0.0041304936727709785
1554371897.9205587,0.25561434030532837,0.007694593630731106,-1.7775795459747314,-0.005488339266494843,-0.001938451680876,-0.0011871162082599362
1554371897.9309468,0.25561729073524475,0.00784271489828825,-1.777616262435913,-0.0024416323867634915,-0.0009291811541401259,-0.004026717281789834
1554371897.9401977,0.25565648078918457,0.007708288729190826,-1.7775927782058716,-0.00562580553249885,-0.0016015021205049028,-0.001800363327350507
1554371897.9505794,0.25564682483673096,0.007718394976109266,-1.7775789499282837,-0.005559161360729184,-0.0015525466173760137,-0.0017109458311058562
1554371897.9610078,0.25564154982566833,0.007779747247695923,-1.7776283025741577,-0.0038926259131331657,-0.0015383660506052416,-0.0029342669357770162
1554371897.961042,0.255622535943985,0.007700975518673658,-1.7775983810424805,-0.005391694778793774,-0.0021266416367646383,-0.0013723174616721246
1554371897.9702697,0.2555829584598541,0.007768034934997559,-1.7775884866714478,-0.0048220656262951515,-0.001600456092033447,0.001475701477817636
1554371897.9806542,0.25566673278808594,0.007711878512054682,-1.7775968313217163,-0.005465140616778759,-0.0016054333051481215,-0.001804209828759782
1554371897.991033,0.2556060254573822,0.007848583161830902,-1.7776373624801636,-0.0041834734744042165,-0.0011067294120099202,0.004077011891927965
1554371898.0002866,0.25567108392715454,0.007723756600171328,-1.7775990962982178,-0.005691082042525747,-0.0014144228074379052,-0.0018653314425560036
1554371898.0106401,0.255583792924881,0.0077029066160321236,-1.7776011228561401,-0.004985773609018122,-0.002346881692392702,-0.0012288497233235122
1554371898.0106742,0.2556711733341217,0.007713294122368097,-1.7775859832763672,-0.005451562345620141,-0.001493947333454743,-0.0013811667049514903
1554371898.0210316,0.25561121106147766,0.007705892436206341,-1.777588129043579,-0.005350056020814682,-0.0019831160506334944,-0.0014868684624086206
1554371898.0302842,0.2556314170360565,0.0077106705866754055,-1.777587890625,-0.005796825615463818,-0.002013617698060009,-0.0010031952474645375
1554371898.040658,0.2556193768978119,0.007843228988349438,-1.777620792388916,-0.002172146867674351,-0.0011060138189156895,-0.0046937196280785725
1554371898.051026,0.25565794110298157,0.007714156061410904,-1.7775771617889404,-0.0053486777153813805,-0.0015322201665990346,-0.0016955895748528755
1554371898.0510602,0.2556680142879486,0.007719073444604874,-1.7775739431381226,-0.005452486660291338,-0.0012788131262737566,-0.0016290646453631142
1554371898.0602846,0.2556767761707306,0.007722591981291771,-1.777580738067627,-0.00568517055365473,-0.0017242014096647562,-0.0015491778444904811
1554371898.0706685,0.25566887855529785,0.007719320245087147,-1.7775647640228271,-0.005570494649443229,-0.0015893938326969196,-0.0018761216054677498
1554371898.0810099,0.25566035509109497,0.007720063906162977,-1.7775733470916748,-0.005594474669483259,-0.001514368887717393,-0.001727460658389213
1554371898.0902586,0.25564414262771606,0.00787047203630209,-1.777612566947937,-0.004486411179782606,-0.0007893412538500995,0.003989838722158975
1554371898.1007366,0.2555406093597412,0.007886812090873718,-1.7776119709014893,-0.001709853704017926,-0.0011998083746913473,-0.0016339699869589467
1554371898.1007767,0.2556699216365814,0.007722126320004463,-1.777582049369812,-0.005761057411828088,-0.001284369557121664,-0.0018484610316310496
1554371898.1111329,0.25567400455474854,0.007717617321759462,-1.7775799036026,-0.005474791998875822,-0.0016437720273604034,-0.0017423281121441662
1554371898.1204886,0.2555803954601288,0.007825794629752636,-1.777625560760498,-0.0021772606873103105,-0.0014142481219993185,-0.004161627006279277
1554371898.1308167,0.25566235184669495,0.007721648085862398,-1.7775715589523315,-0.0055375311939768945,-0.0014992339601354902,-0.0014937703298273154
1554371898.1411893,0.2556585669517517,0.0077162147499620914,-1.7775903940200806,-0.005542372220142144,-0.0016051542186942844,-0.001539468319507447
1554371898.1505537,0.2556626498699188,0.007717493921518326,-1.7775790691375732,-0.005702772119472378,-0.001528929864010929,-0.0010286288282134522
1554371898.1609082,0.255655437707901,0.007712866645306349,-1.7775778770446777,-0.005560485696117974,-0.0015662273502941421,-0.0017560595515106233
1554371898.160942,0.2556251287460327,0.007706687785685062,-1.777584195137024,-0.005435289437359576,-0.002055963337262222,-0.0012166540871466488
1554371898.1713,0.2555660903453827,0.007816866971552372,-1.7776039838790894,-0.00447638515064744,-0.0012175145447362284,0.00340735375853106
1554371898.1806805,0.25566530227661133,0.00772541668266058,-1.7775686979293823,-0.005643253921288526,-0.0015390605123391725,-0.0016109663541754044
1554371898.1910555,0.25562360882759094,0.007696721702814102,-1.7775673866271973,-0.005331417991687994,-0.0021015232732356595,-0.0008876619018370333
1554371898.2003067,0.2556155323982239,0.007691213395446539,-1.7775758504867554,-0.005265279888612075,-0.0019625906962755383,-0.0013854507554513678
1554371898.2106397,0.2556469142436981,0.007721761707216501,-1.7775695323944092,-0.005512169398456265,-0.001647449990411946,-0.001279397170268626
1554371898.210673,0.25558167695999146,0.007810669951140881,-1.7776216268539429,-0.0018128698703474251,-0.0012867258780235949,-0.004056490126230342
1554371898.2210104,0.2555233836174011,0.0078080687671899796,-1.7776272296905518,-0.0018388307068071292,-0.001891114217638479,-0.003664311946713384
1554371898.2302628,0.25566408038139343,0.007709130644798279,-1.7775816917419434,-0.005562596522781649,-0.0017159360793017437,-0.0020610132964587555
1554371898.2404983,0.25564566254615784,0.007865631021559238,-1.7776297330856323,-0.004439476522457344,-0.0006933931066574772,0.004574175434188692
1554371898.250769,0.2556535601615906,0.007730270270258188,-1.7775852680206299,-0.004970574182064711,-0.0015334029544994713,-0.0014309623326429165
1554371898.2508016,0.2556508183479309,0.007714220322668552,-1.7775816917419434,-0.005538447111979502,-0.0014579635927511546,-0.0018244590037998164
1554371898.2611415,0.2556014358997345,0.007709062192589045,-1.7775920629501343,-0.005494605134671293,-0.002070422213750712,-0.0012211196376178176
1554371898.2705219,0.2556198835372925,0.0077012404799461365,-1.7775987386703491,-0.00525948854246874,-0.0018850819103255758,-0.0012657986864442958
1554371898.2809734,0.2556138038635254,0.007776188664138317,-1.7775769233703613,-0.005275600015080406,-0.001184387395106183,0.0011109462787897266
1554371898.2902126,0.2556527256965637,0.007721390575170517,-1.7775970697402954,-0.00560123844359279,-0.0015259165033091409,-0.0014181971259412647
1554371898.300557,0.25565001368522644,0.007702289614826441,-1.7775835990905762,-0.005643414795143797,-0.0018086120860081707,-0.0011174213507232854
1554371898.3005936,0.25556680560112,0.007686992175877094,-1.7775768041610718,-0.0055526419918074,-0.0027417062628896207,-0.0010099041839731892
1554371898.3109317,0.25565871596336365,0.007691705133765936,-1.7775815725326538,-0.005796995003325048,-0.0014101686667279182,-0.0016225328860523288
1554371898.3212564,0.2555815279483795,0.007807809393852949,-1.7775908708572388,-0.004699316020056926,-0.0008912324547850361,0.003172537976999445
1554371898.3306224,0.25565680861473083,0.007689370773732662,-1.7775909900665283,-0.005533661208228221,-0.0016569452788783698,-0.0013765839267892983
1554371898.3409905,0.2556007206439972,0.007695599924772978,-1.77759850025177,-0.005310192359664326,-0.0017216027421763022,-0.0018413666023286714
1554371898.350188,0.2556457817554474,0.007714884355664253,-1.7775907516479492,-0.005540606575612754,-0.0016772432335158411,-0.001503676954327028
1554371898.360552,0.25558868050575256,0.00782439298927784,-1.7776275873184204,-0.002269090847467161,-0.0007169579488248413,-0.0047637476614466896
1554371898.3605866,0.2556058466434479,0.007700043264776468,-1.7776063680648804,-0.00542032924534358,-0.002026978512078565,-0.0013116385234323842
1554371898.370929,0.25561392307281494,0.007694208528846502,-1.7776000499725342,-0.00579724272739996,-0.001922775818723703,-0.0009216405045086136
1554371898.3812969,0.25563549995422363,0.007707450073212385,-1.7775976657867432,-0.005608550723380661,-0.0014926476829855062,-0.0011454664723106723
1554371898.3906634,0.25559818744659424,0.0077071888372302055,-1.7775795459747314,-0.005585802504047977,-0.0020035987645489425,-0.0013208465868762905
1554371898.401026,0.2556532621383667,0.007701985538005829,-1.7775882482528687,-0.0055303292837483526,-0.0015781429106426247,-0.0016331481543024053
1554371898.4010596,0.2556459307670593,0.007707663346081972,-1.7775746583938599,-0.005283448914985251,-0.0014441174857136026,-0.00197113630552501
1554371898.4102757,0.25555217266082764,0.007681658491492271,-1.777597427368164,-0.00544194727757312,-0.0024436638130384616,-0.0009983751198523675
1554371898.4206462,0.25545060634613037,0.007929765619337559,-1.7776319980621338,-0.0013707179512245627,-0.0010638992711994389,0.0011151921878815826
1554371898.4310205,0.2555638551712036,0.00776474317535758,-1.7775654792785645,-0.00496540220351498,-0.0016712123217138362,0.0013473788609141288
1554371898.4402578,0.25560134649276733,0.007680883165448904,-1.7775760889053345,-0.005347209968722923,-0.0018359979870631944,-0.001346042012128284
1554371898.4505677,0.255659282207489,0.007703231181949377,-1.7775746583938599,-0.005475240604292193,-0.0014482297178053285,-0.0016264122915008
1554371898.450604,0.25556498765945435,0.007691073231399059,-1.7775839567184448,-0.005259070686987668,-0.0024165359960318256,-0.0009631522511984425
1554371898.4609494,0.2556430399417877,0.007713359780609608,-1.7775802612304688,-0.005309444814371634,-0.0015086524286457396,-0.0017039164129017232
1554371898.4701972,0.2556575536727905,0.007694766391068697,-1.7775706052780151,-0.005465209027165701,-0.0016947565884824923,-0.0017384569277829444
1554371898.4805224,0.25560110807418823,0.007663947995752096,-1.777578592300415,-0.00528845570183086,-0.002180190218553547,-0.0011882996371067685
1554371898.490882,0.25565633177757263,0.007691465318202972,-1.777572512626648,-0.0056822533438288985,-0.001658690258356691,-0.0019179777059398777
1554371898.501199,0.25566431879997253,0.007688113953918219,-1.7775778770446777,-0.005795139207624658,-0.0012886166729489767,-0.0015967534045955047
1554371898.5012321,0.2556135952472687,0.007680389564484358,-1.7775837182998657,-0.005592471086208229,-0.0019345089441640477,-0.0011569471651500147
1554371898.5105736,0.25561168789863586,0.00768180750310421,-1.7775920629501343,-0.005321716785831129,-0.002012566045379183,-0.0012248747770643898
1554371898.520862,0.2556565999984741,0.00770369078963995,-1.7775897979736328,-0.005372620766490691,-0.0014656015703849278,-0.0018617665618521002
1554371898.5312285,0.25555846095085144,0.007806444074958563,-1.777632713317871,-0.0023141840360311355,-0.0013508464301358616,-0.003532017122201794
1554371898.540593,0.2556035816669464,0.007686291821300983,-1.777605652809143,-0.0052293556555933676,-0.0019213960637855187,-0.0011536894285749603
1554371898.5508494,0.25555098056793213,0.007833359763026237,-1.7776340246200562,-0.0038360885734641864,-0.0017546625129801108,0.0044533098441312926
1554371898.5508823,0.25565674901008606,0.007705898955464363,-1.7775946855545044,-0.005406778951836361,-0.0015648928241971114,-0.001960506438696732
1554371898.5612245,0.25565075874328613,0.0078563392162323,-1.777646780014038,-0.004303322637950302,-0.0008158761880359094,0.004449150645583009
1554371898.570592,0.25558069348335266,0.007674149703234434,-1.7775858640670776,-0.0053063874550370515,-0.002341958762453682,-0.0009886777599228593
1554371898.5809069,0.2556496858596802,0.0076919784769415855,-1.7775886058807373,-0.005579009354779602,-0.0015966432889658988,-0.0012311634487360461
1554371898.5912817,0.25559502840042114,0.0077463556081056595,-1.7775788307189941,-0.004779400613420469,-0.0011210047285818612,0.0009080556261176985
1554371898.600605,0.2555953860282898,0.007817219942808151,-1.7776235342025757,-0.00437764743969931,-0.0014760416749261362,0.004489622028725402
1554371898.600641,0.2555485665798187,0.007667964324355125,-1.7775813341140747,-0.0055162763812392325,-0.002581443000998777,-0.000707734896013046
1554371898.6109843,0.2556056082248688,0.007816971279680729,-1.7776087522506714,-0.004524986245771674,-0.0005784312632382633,0.004035462596288692
1554371898.6202269,0.2556486129760742,0.00770471291616559,-1.7775781154632568,-0.00555313015073619,-0.001624074346752254,-0.0010514866364249014
1554371898.6306014,0.2556416392326355,0.007698628585785627,-1.7775851488113403,-0.005506118284633279,-0.0014683246502147605,-0.0014978971795534762
1554371898.6409652,0.25556397438049316,0.007684631738811731,-1.77759850025177,-0.005707352218777001,-0.0023532723426647694,-0.0011314913908734585
1554371898.6512916,0.25560978055000305,0.0077082375064492226,-1.7775877714157104,-0.005538299745360886,-0.0019842548208728293,-0.001109379061754537
1554371898.6513252,0.25565633177757263,0.007699456997215748,-1.7775739431381226,-0.005550241421036156,-0.0016189301593918161,-0.0013623965933591748
1554371898.6606688,0.2556495666503906,0.0077003310434520245,-1.7775667905807495,-0.00552371883853592,-0.0017218664408442592,-0.0016316616134552286
1554371898.671021,0.25560644268989563,0.007697741501033306,-1.777594804763794,-0.00548432701521148,-0.0019862668603400848,-0.001377493008588625
1554371898.6802826,0.2555672526359558,0.007821796461939812,-1.7776089906692505,-0.0025781931874337915,-0.0009250190337741716,-0.003771769764422953
1554371898.6906533,0.2556595206260681,0.007715255953371525,-1.777576208114624,-0.005695142526179313,-0.0015777161907582346,-0.0015397008125889724
1554371898.7009823,0.25562185049057007,0.007584785111248493,-1.7775872945785522,-0.0027750498041787105,-0.0017761220235352037,-0.002358725678778226
1554371898.7010152,0.25556984543800354,0.007689379155635834,-1.7775795459747314,-0.005118550398221969,-0.002667421255652188,-0.001190779470254098
1554371898.7102327,0.2556529939174652,0.007705826312303543,-1.777572512626648,-0.005664354288183064,-0.0016565547763773953,-0.0016887540711368314
1554371898.7205722,0.25569555163383484,0.007696760352700949,-1.7775698900222778,-0.005808467485547122,-0.0015756736452231352,-0.001123441135188815
1554371898.7309463,0.2555796504020691,0.007755405269563198,-1.777573585510254,-0.00517932917837575,-0.0016258088075337318,0.0012593712474199903
1554371898.7413123,0.2555639445781708,0.007682373281568289,-1.7775765657424927,-0.0051118630263264665,-0.0024247423248870918,-0.0009630404579888181
1554371898.7506707,0.25562432408332825,0.007685393560677767,-1.7775872945785522,-0.0052949556457426794,-0.0020443335893782677,-0.0011389992753826704
1554371898.7507052,0.2556616961956024,0.0076966667547822,-1.7775764465332031,-0.005332748466902417,-0.0015942772363987737,-0.0015530062048008122
1554371898.761017,0.2555655837059021,0.007814694195985794,-1.7776354551315308,-0.0022664901770088905,-0.0012465529092257834,-0.0040000406851234
1554371898.7702637,0.25569966435432434,0.0076521821320056915,-1.7776014804840088,-0.004480347717916911,-0.0009566567649988994,-0.002097769108046065
1554371898.780639,0.25566020607948303,0.007706173229962587,-1.7775776386260986,-0.0056807548573090385,-0.0015109352001608134,-0.001426944326558015
1554371898.791007,0.25562986731529236,0.007709873840212822,-1.7775928974151611,-0.005159207784803392,-0.002018153008456733,-0.001510384452669977
1554371898.800191,0.2556533217430115,0.007704694289714098,-1.777583360671997,-0.005600129682477171,-0.0014705430251442503,-0.0019389377205182416
1554371898.810532,0.25565963983535767,0.007694760337471962,-1.7775856256484985,-0.005621768630489514,-0.0014402960093312367,-0.0015078878600147663
1554371898.8105671,0.2556031346321106,0.007697111461311579,-1.7775988578796387,-0.0054650368269861735,-0.0019461746800168809,-0.0011593233046660373
1554371898.8209093,0.25556567311286926,0.007681216578930616,-1.7776035070419312,-0.0053526903475673085,-0.0023649391029339794,-0.0010193883598162415
1554371898.8312793,0.2555595934391022,0.007806437090039253,-1.7776209115982056,-0.002230382885754898,-0.0014409121718761534,-0.003625297554620655
1554371898.8406427,0.2555698752403259,0.007667595520615578,-1.7775793075561523,-0.0052817424524480945,-0.002415943694654908,-0.0007377328600329041
1554371898.8508756,0.25560078024864197,0.0076842159032821655,-1.7775813341140747,-0.00563252093038948,-0.0020506734389554096,-0.0008925099896898857
1554371898.8509035,0.2555619776248932,0.007799492683261633,-1.7776117324829102,-0.0020062966626761196,-0.0011607766464980219,-0.004159544381741842
1554371898.861214,0.25557759404182434,0.007672474253922701,-1.7775801420211792,-0.005596641769332129,-0.0024524863073965768,-0.0009089340957388879
1554371898.8705864,0.25561463832855225,0.007685940712690353,-1.7775734663009644,-0.005303868469374475,-0.0018986493200336273,-0.0013091956779943974
1554371898.8809657,0.25565552711486816,0.007696600165218115,-1.7775663137435913,-0.005525712215315197,-0.0012991120170504436,-0.0016274137226606276
1554371898.891259,0.25556260347366333,0.007668357342481613,-1.7775688171386719,-0.005319376339292705,-0.002158127713086927,-0.0007432588326430899
1554371898.9006627,0.25558993220329285,0.007815336808562279,-1.777590036392212,-0.0044048031843578065,-0.0007234133565101882,0.0030463385904923477
1554371898.9006987,0.2556656002998352,0.007701975293457508,-1.777586817741394,-0.005651329063191076,-0.0016606063569896657,-0.0015218965510545622
1554371898.9110014,0.2556111216545105,0.007708169054239988,-1.7775983810424805,-0.005098687042285992,-0.0017893199683318107,-0.0013874396133559707
1554371898.9201746,0.2556581199169159,0.007732376456260681,-1.7775983810424805,-0.005611259461312631,-0.0014614043188378204,-0.0015181925533127706
1554371898.9305243,0.25564223527908325,0.007700180169194937,-1.7775976657867432,-0.005819968091066022,-0.0015732709719702672,-0.001522535982085941
1554371898.9408543,0.25562623143196106,0.00770216342061758,-1.7775925397872925,-0.005418245032180043,-0.002044773714080642,-0.001127068867386143
1554371898.9511943,0.25562313199043274,0.0077835447154939175,-1.7775880098342896,-0.003623805686558161,-0.000916724401706788,-0.003536977094801489
1554371898.9512293,0.25562888383865356,0.007768999319523573,-1.7775787115097046,-0.004990083975397372,-0.0013147086143959713,0.0007626248488911733
1554371898.9604974,0.2556588351726532,0.0077315084636211395,-1.7775866985321045,-0.005616988587777641,-0.0015722816237461069,-0.0017777321698079218
1554371898.9708188,0.2556598484516144,0.007741738110780716,-1.777592658996582,-0.005515827212999097,-0.0014049498214036905,-0.0015438952988189813
1554371898.9811869,0.2554921507835388,0.007801641710102558,-1.777599573135376,-0.0044325333251599335,-0.0018154180246466782,0.00364455096007074
1554371898.990552,0.25560319423675537,0.0077005126513540745,-1.7775977849960327,-0.005599604844267577,-0.001710260197531024,-0.0008419059603032923
1554371899.0008168,0.2556194067001343,0.007688963320106268,-1.7776058912277222,-0.005598998143621858,-0.0021702470182818814,-0.0014492798896355063
1554371899.0008466,0.2555665075778961,0.007697343826293945,-1.7775942087173462,-0.005383710800905635,-0.0023822303725202373,-0.0006249127063744656
1554371899.0111892,0.2555689215660095,0.007678041700273752,-1.7775968313217163,-0.005465999401985164,-0.0027552690210256754,-0.000791193073281923
